chunk,finalists,entry_iterations,exit_iterations,ratio,input_gear_sets,survivors,target_error_pct,observed_error_pct,duration_s
1,25,19686,78744,4.0,25,25,0.0,0.03,85.83
2,25,19797,79188,4.0,25,25,0.0,0.02,86.11
3,25,19693,78772,4.0,25,25,0.0,0.03,88.95
4,25,20018,80072,4.0,25,25,0.0,0.02,88.66
5,25,19815,79260,4.0,25,25,0.0,0.03,88.32
6,25,19691,78764,4.0,25,25,0.0,0.03,89.33
7,25,20190,80760,4.0,25,25,0.0,0.02,89.26
8,25,20085,80340,4.0,25,25,0.0,0.02,88.63
9,25,18858,75432,4.0,25,25,0.0,0.02,83.61
10,25,19773,79092,4.0,25,25,0.0,0.03,88.35
11,25,20040,80160,4.0,25,25,0.0,0.02,88.55
12,25,20067,80268,4.0,25,25,0.0,0.02,88.97
13,25,20077,80308,4.0,25,25,0.0,0.02,88.94
14,25,20078,80312,4.0,25,25,0.0,0.02,88.44
15,25,20264,81056,4.0,25,25,0.0,0.02,91.71
16,25,20183,80732,4.0,25,25,0.0,0.02,89.22
17,25,20043,80172,4.0,25,25,0.0,0.02,88.27
18,25,19759,79036,4.0,25,25,0.0,0.03,90.2
19,25,19211,76844,4.0,25,25,0.0,0.03,83.96
20,25,18954,75816,4.0,25,25,0.0,0.02,82.97
21,25,20062,80248,4.0,25,25,0.0,0.02,89.17
22,25,19567,78268,4.0,25,25,0.0,0.02,85.81
23,25,19938,79752,4.0,25,25,0.0,0.02,86.92
24,25,19941,79764,4.0,25,25,0.0,0.02,85.88
25,25,20205,80820,4.0,25,25,0.0,0.02,91.02
26,25,20114,80456,4.0,25,25,0.0,0.03,87.64
27,25,20102,80408,4.0,25,25,0.0,0.02,87.76
28,25,19195,76780,4.0,25,25,0.0,0.03,84.6
29,13,15027,60108,4.0,13,13,0.0,0.02,36.11
